{
    "point_count": 15000,
    "centroid": {
        "x": -2.416585450267424e-18,
        "y": 5.129230373768223e-18,
        "z": -2.1908401019269754e-18
    },
    "bounding_box": {
        "min": {
            "x": -0.5883538174359869,
            "y": -0.5883577397575069,
            "z": -0.5850510968359599
        },
        "max": {
            "x": 0.5839325530518122,
            "y": 0.5838628392421931,
            "z": 0.587240289408222
        },
        "center": {
            "x": -0.002210632192087336,
            "y": -0.0022474502576569355,
            "z": 0.0010945962861310665
        },
        "dimensions": {
            "x": 1.1722863704877993,
            "y": 1.1722205789997,
            "z": 1.172291386244182
        }
    },
    "variance": {
        "x": 0.11428662995868634,
        "y": 0.11473298527012947,
        "z": 0.11515362233388168
    },
    "nearest_neighbor_avg": 0.02679839976410871
}