{
    "point_count": 15000,
    "centroid": {
        "x": 2.2907601741432397e-18,
        "y": 9.695947748393033e-19,
        "z": -1.9184653865522706e-17
    },
    "bounding_box": {
        "min": {
            "x": -0.7002782737609272,
            "y": -0.7050114485689366,
            "z": -0.7076110903715046
        },
        "max": {
            "x": 0.7063520859383213,
            "y": 0.7016189087033846,
            "z": 0.698967576581825
        },
        "center": {
            "x": 0.0030369060886970556,
            "y": -0.0016962699327759956,
            "z": -0.004321756894839823
        },
        "dimensions": {
            "x": 1.4066303596992484,
            "y": 1.4066303572723213,
            "z": 1.4065786669533296
        }
    },
    "variance": {
        "x": 0.2455007289045326,
        "y": 0.24913941487015984,
        "z": 0.16580928506844508
    },
    "nearest_neighbor_avg": 0.010159152919286296
}