{
    "point_count": 15000,
    "centroid": {
        "x": -4.0784412883946667e-16,
        "y": 7.811648897182444e-16,
        "z": 6.870652195326935e-16
    },
    "bounding_box": {
        "min": {
            "x": -0.902652691960618,
            "y": -0.9038197566826343,
            "z": -0.46362757075472416
        },
        "max": {
            "x": 0.8948037708067067,
            "y": 0.8971412451461789,
            "z": 0.47184983885467313
        },
        "center": {
            "x": -0.003924460576955668,
            "y": -0.003339255768227689,
            "z": 0.004111134049974485
        },
        "dimensions": {
            "x": 1.7974564627673248,
            "y": 1.8009610018288131,
            "z": 0.9354774096093973
        }
    },
    "variance": {
        "x": 0.3625996644804232,
        "y": 0.3624640612222496,
        "z": 0.06077836144710446
    },
    "nearest_neighbor_avg": 0.008723584472578302
}