{
    "point_count": 15000,
    "centroid": {
        "x": -2.4114969280712255e-17,
        "y": -1.1546319456101627e-17,
        "z": 4.063416270128073e-18
    },
    "bounding_box": {
        "min": {
            "x": -0.9952524177308263,
            "y": -0.9853494910059325,
            "z": -0.9938522886038157
        },
        "max": {
            "x": 0.984971401170171,
            "y": 0.9999762336245211,
            "z": 0.9984447788604623
        },
        "center": {
            "x": -0.005140508280327638,
            "y": 0.007313371309294325,
            "z": 0.0022962451283233265
        },
        "dimensions": {
            "x": 1.9802238189009973,
            "y": 1.9853257246304536,
            "z": 1.992297067464278
        }
    },
    "variance": {
        "x": 0.16755579533736747,
        "y": 0.16682777492352774,
        "z": 0.16939156056753035
    },
    "nearest_neighbor_avg": 0.010747285110972726
}