{
    "point_count": 15000,
    "centroid": {
        "x": 1.4839981095822925e-17,
        "y": -1.3729758071197769e-18,
        "z": 1.315961228876006e-18
    },
    "bounding_box": {
        "min": {
            "x": -0.7044458756384148,
            "y": -0.7107298861476758,
            "z": -0.06000523181001703
        },
        "max": {
            "x": 0.7083331384273825,
            "y": 0.7020482760722463,
            "z": 0.07088280194127534
        },
        "center": {
            "x": 0.0019436313944838912,
            "y": -0.004340805037714779,
            "z": 0.005438785065629156
        },
        "dimensions": {
            "x": 1.4127790140657974,
            "y": 1.4127781622199223,
            "z": 0.13088803375129238
        }
    },
    "variance": {
        "x": 0.16509717858418363,
        "y": 0.1672741148875648,
        "z": 0.00020167063293702
    },
    "nearest_neighbor_avg": 0.011097496139797897
}