{
    "point_count": 15000,
    "centroid": {
        "x": -5.22544970256907e-18,
        "y": 2.3233267161989108e-17,
        "z": -6.898185726337639e-18
    },
    "bounding_box": {
        "min": {
            "x": -0.98781268680589,
            "y": -0.9929258054275467,
            "z": -0.9984381218279852
        },
        "max": {
            "x": 0.9968860133619931,
            "y": 0.9916250821623077,
            "z": 0.9862421376332897
        },
        "center": {
            "x": 0.004536663278051578,
            "y": -0.0006503616326195005,
            "z": -0.0060979920973477375
        },
        "dimensions": {
            "x": 1.984698700167883,
            "y": 1.9845508875898545,
            "z": 1.984680259461275
        }
    },
    "variance": {
        "x": 0.32567106917999966,
        "y": 0.32896968705326524,
        "z": 0.33011244260741357
    },
    "nearest_neighbor_avg": 0.014322659578676337
}