{
    "point_count": 15000,
    "centroid": {
        "x": -6.335672727194227e-18,
        "y": 2.1960211427085597e-17,
        "z": -1.5868787765308904e-17
    },
    "bounding_box": {
        "min": {
            "x": -0.9954710791884326,
            "y": -0.9993918953501212,
            "z": -0.19745125218786572
        },
        "max": {
            "x": 0.9988310876623167,
            "y": 0.9949350228099789,
            "z": 0.20142718648210814
        },
        "center": {
            "x": 0.0016800042369420343,
            "y": -0.0022284362700711324,
            "z": 0.0019879671471212113
        },
        "dimensions": {
            "x": 1.9943021668507492,
            "y": 1.9943269181601,
            "z": 0.39887843866997386
        }
    },
    "variance": {
        "x": 0.3260393133116547,
        "y": 0.3317990016085301,
        "z": 0.020010129704643966
    },
    "nearest_neighbor_avg": 0.010144476306487767
}